start	end	text
0	1900	We don't have a lot of facts.
1900	6780	Remember, these are the same folks who killed a person,
6780	11280	unarmed person, just a couple of weeks ago in Franklin Park.
11280	15400	At first, they said that the officer had been threatened with his life.
15400	19060	The reality of it and the truth of it has now come out.
19060	20760	And that wasn't the case.
20760	21820	They killed somebody.
21820	24780	They are just putting out their propaganda.
24780	27760	And then we've got to later determine what actually happened.
